,title,year,link,rating,votes,genre,runtime
0,Шестое чувство,1999,/title/tt0167404/,8.1,841690,"Drama, Mystery, Thriller",107 min
1,Разум и чувства,1995,/title/tt0114388/,7.7,91830,"Drama, Romance",136 min
2,Коррида любви,1976,/title/tt0074102/,6.6,16311,"Drama, Romance",109 min
3,Последняя любовь на Земле,2011,/title/tt1439572/,7.1,51050,"Drama, Romance, Sci-Fi",92 min
4,Разум и чувства,2008,/title/tt0847150/,8.0,9377,"Drama, Romance",174 min
5,Предчувствие конца,2017,/title/tt4827986/,6.3,4974,"Drama, Mystery",108 min
6,The Sixth Sense,1972,/title/tt0068132/,6.4,331,"Drama, Mystery, Thriller",60 min
7,Stop Making Sense,1984,/title/tt0088178/,8.5,10809,"Documentary, Music",88 min
8,Снежное чувство Смиллы,1997,/title/tt0120152/,6.4,12871,"Action, Drama, Mystery",121 min
9,The Sexy Sixth Sense,2001 Video,/title/tt0304694/,4.5,353,"Comedy, Fantasy",69 min
10,Вкус чудес,2015,/title/tt4084056/,6.8,2067,"Comedy, Drama, Romance",100 min
11,Sense and Sensibility,1981– ,/title/tt0089991/,6.8,786,"Drama, Romance",174 min
12,Каникулы на ранчо,1999 TV Movie,/title/tt0219813/,6.4,1404,"Drama, Family",92 min
13,Sense and Sensibility: Deleted Scenes,2002 Video,/title/tt4290888/,8.0,176,"Short, Romance",3 min
14,Пять чувств,1999,/title/tt0168794/,6.8,2928,"Comedy, Drama, Music",106 min
15,The 6th Sense,2011 Video,/title/tt2016299/,7.1,13,"Short, Comedy, Music",13 min
16,A Sense of Freedom,1979,/title/tt0194350/,7.2,381,"Crime, Drama, Thriller",81 min
17,The Seventh Sense,1999,/title/tt0218599/,4.3,149,Drama,98 min
18,Dark Sense,2019,/title/tt4082314/,,,Thriller,93 min
19,Sense and Sensibility,1971– ,/title/tt0254768/,6.8,122,"Drama, Romance",178 min
20,La vida sense la Sara Amat,2019,/title/tt9914942/,,,,
21,5 чувств страха,2013,/title/tt2425886/,4.9,1106,Horror,88 min
22,The Sixth Sense: Reaching the Audience,2000 Video,/title/tt5447508/,8.1,40,Short,4 min
23,Граница пустоты: Сад грешников (фильм третий),2008,/title/tt1155652/,7.4,1145,"Animation, Action, Crime",58 min
24,Пять чувств Эроса,2009,/title/tt1587422/,5.2,329,Drama,130 min
25,Vitamania: The Sense and Nonsense of Vitamins,2018,/title/tt8232232/,6.7,367,Documentary,90 min
26,Sensi,1986,/title/tt0091921/,5.4,104,Thriller,89 min
27,A Sense of Purpose: Fighting for Our Lives,2019,/title/tt5792164/,,,Drama,90 min
28,Sensing Murder,2004– ,/title/tt0805944/,6.4,89,"Crime, Reality-TV",90 min
29,A Sense of Guilt,1990– ,/title/tt0156061/,8.4,48,Drama,50 min
30,Смысл истории,1992 TV Short,/title/tt0105355/,8.2,919,"Short, Comedy, Drama",25 min
31,Sense of Urgency,2017,/title/tt5983362/,5.7,29,Drama,92 min
32,Senses 1&2,2018,/title/tt10174382/,,,Drama,139 min
33,Coming to My Senses,2017,/title/tt6005298/,7.3,40,"Documentary, Adventure, Biography",85 min
34,G.K. Chesterton: The Apostle of Common Sense,2000– ,/title/tt1328189/,8.1,47,"Comedy, History",30 min
35,Seven Senses of the Re'Union,2018– ,/title/tt8343748/,4.9,60,"Animation, Action, Adventure",24 min
36,Sense & Sensibility,2014,/title/tt3347696/,5.3,11,Romance,165 min
37,Sensing Murder,2006– ,/title/tt0805945/,6.0,43,"Crime, Mystery",
38,Grizzly Bear: Losing All Sense,2017 TV Movie,/title/tt7483144/,,,Music,
39,Syxx Sense Interviews,2016– ,/title/tt8199768/,,,Talk-Show,30 min
40,Making Sense of the Sixties,1991– ,/title/tt0318906/,8.7,44,Documentary,
41,Senses 5,2018,/title/tt10174546/,,,Drama,75 min
42,Ayn Rand: A Sense of Life,1997,/title/tt0118662/,6.7,514,"Documentary, Biography",145 min
43,A Sense of Loss,1972,/title/tt0069247/,7.8,40,Documentary,135 min
44,Senses 3&4,2018,/title/tt10174464/,,,Drama,85 min
45,The Sixth Sense: The Actors,2000 Video,/title/tt5447522/,7.1,7,Short,7 min
46,3.11 Sense of Home,2011,/title/tt1939641/,6.5,23,"Documentary, Animation, Drama",75 min
47,Senses,I) (2016,/title/tt5050944/,6.2,11,"Short, Drama",29 min
48,El sexto sentido,1929,/title/tt0020389/,7.0,75,Drama,70 min
49,A Sense of Self,2016 TV Movie,/title/tt6413174/,,,Documentary,55 min
50,Four Senses,2013,/title/tt2330852/,7.4,22,"Comedy, Drama, Romance",
51,The Seventh Sense,2001,/title/tt0433693/,6.6,52,Short,12 min
52,Sense Appeal,2018– ,/title/tt9153436/,,,Reality-TV,
53,Waking Up with Sam Harris,2014– ,/title/tt7735484/,8.8,19,"News, Talk-Show",
54,Den 6. sans,2002– ,/title/tt0341131/,3.2,16,"Family, Game-Show",42 min
55,Perfect Sense,2003,/title/tt0398261/,9.2,25,"Comedy, Short",18 min
56,Felipe Neto: Minha Vida Não Faz Sentido,2017 TV Special,/title/tt6690322/,4.6,150,"Documentary, Comedy",87 min
57,'The Sixth Sense': Reflections from the Set,2002 Video,/title/tt0372529/,6.1,74,"Documentary, Short",39 min
58,I Make Sense of Humour,2010– ,/title/tt1732318/,7.2,29,Comedy,
59,Perfect Sense,2016 TV Movie,/title/tt5821414/,8.8,11,Drama,72 min
60,Making Sense Together,2018,/title/tt8745206/,,,Documentary,67 min
61,Sixth Sense,1985– ,/title/tt3204336/,,,Talk-Show,
62,Uncommon Sense with Charlamagne,2015– ,/title/tt4878206/,6.5,18,Talk-Show,
63,Sense sostre,,/title/tt8090732/,,,Drama,
64,Sense Of Sin,2018,/title/tt7679406/,,,"Short, Drama, Horror",25 min
65,Sense Memory,2006,/title/tt0768810/,4.7,42,"Short, Drama",10 min
66,Barney's Sense-Sational Day,1997 Video,/title/tt9217216/,,,Family,52 min
67,Sense of Morning,2010,/title/tt1730247/,5.6,7,"Short, Drama, News",10 min
68,Lost in a Sense,2016,/title/tt4512856/,,,"Short, Drama",33 min
69,A Sense of Wonder,2008 Video,/title/tt1414803/,8.3,13,Biography,55 min
70,An Assault on the Senses,2019,/title/tt10045036/,,,"Short, Drama",21 min
71,Di liu gan,2003,/title/tt5968430/,,,"Action, Crime, Drama",81 min
72,Malignant Spirits: Sense of Fiction,2014,/title/tt4815968/,,,"Drama, Horror, Mystery",70 min
73,Life Makes Sense If You're Famous,2002,/title/tt0331556/,6.9,78,Short,7 min
74,Bear in the Big Blue House: Bear's Sense of Adventure,1999 Video Game,/title/tt5666504/,,,Adventure,
75,Acid - Delirio dei sensi,1968,/title/tt0062634/,5.9,43,Drama,92 min
76,A Sense of an Ending,2018,/title/tt8550332/,,,Short,16 min
77,Four Senses,2015– ,/title/tt5240892/,,,,
78,Uncommon Sense,2005 TV Movie,/title/tt0790767/,7.2,9,Comedy,30 min
79,Sense,,/title/tt10288038/,,,Thriller,
80,Уникальные способности животных,2014– ,/title/tt4012354/,8.2,30,Documentary,
81,Le sens de l'humour,2013,/title/tt2991026/,6.3,68,"Drama, Romance",87 min
82,Sense & Sensibility: Interview Featurette,2007 Video,/title/tt5649752/,,,"Documentary, Short",30 min
83,A Sense of Humor,2011,/title/tt1765675/,6.9,142,"Short, Comedy",10 min
84,Abunômaru taiken: Dai-roku no seikan,2001,/title/tt1304996/,6.8,8,Horror,60 min
85,The Five Senses,2010,/title/tt1906479/,,,"Short, Drama",8 min
86,Uncommon Sense,II) (2017,/title/tt6065284/,7.6,281,"Documentary, Biography",107 min
87,Animal Senses,2017– ,/title/tt7495948/,,,,30 min
88,Dollars and Sense,1920,/title/tt0011118/,6.3,7,Drama,50 min
89,It All Makes Sense,,/title/tt9125214/,,,"Short, Drama",11 min
90,Sensing Murder: Easy Street,2003 TV Movie,/title/tt0814310/,,,Crime,60 min
91,A Sense of Carol Reed,2006 Video,/title/tt0901690/,7.5,29,"Documentary, Short",24 min
92,The Five Senses of Lust,2015,/title/tt4779824/,,,"Short, Drama",11 min
93,Sense,1998,/title/tt0470528/,,,Drama,90 min
94,Ke Kulana He Mahu: Remembering a Sense of Place,2001,/title/tt0386571/,8.6,5,Documentary,67 min
95,6th Sense,2013,/title/tt2955658/,,,"Short, Horror",3 min
96,4 1/2 Senses,I) (2016,/title/tt5959244/,,,"Short, Drama",20 min
97,Super Senses,2015– ,/title/tt6768630/,8.6,10,Reality-TV,26 min
98,Human Senses,2003– ,/title/tt0372068/,8.1,57,Documentary,
99,The Sixth Sense: A Conversation with M. Night Shyamalan,2000 Video,/title/tt5447524/,,,Short,9 min
100,Le sens du toucher,2014,/title/tt4242174/,7.7,23,"Animation, Short",14 min
101,But It Makes Total Sense,2017,/title/tt7620236/,,,"Short, Crime",
102,Sensing Silence,2017,/title/tt7902866/,,,Short,3 min
103,Sixth Sense,2013,/title/tt3982974/,,,"Short, Horror",3 min
104,Derailed Sense: A Film About Vic Godard & Subway Sect,2012,/title/tt2378856/,,,Documentary,76 min
105,I Sense Danger,2010 Video,/title/tt1647366/,8.6,13,"Adventure, Comedy, Music",62 min
106,Wine Sense,2010– ,/title/tt1866065/,,,History,22 min
107,The Red Sense,2008,/title/tt1482253/,5.0,9,"Drama, Horror, Thriller",80 min
108,Common Sense: AU,2017– ,/title/tt7112142/,5.4,10,Reality-TV,
109,Common Sense Golf,2004 Video,/title/tt0439510/,,,"Comedy, Short",
110,In No Sense,2016,/title/tt5752420/,,,"Short, Drama, Thriller",6 min
111,Six Dollars and One Sense,1997,/title/tt0120140/,,,Comedy,
112,Plain Talk & Common Sense,1987,/title/tt0095876/,7.4,25,,110 min
113,Sense of Urgency,2013 TV Movie,/title/tt2951304/,,,Documentary,
114,You and Your Sense of Touch,1955,/title/tt0230989/,6.6,48,"Animation, Family, Short",8 min
115,"No tiene sentido... estar haciendo así­, todo el rato, sin sentido",2009,/title/tt1209345/,6.4,5,Documentary,60 min
116,Björk: Arisen My Senses,2017 Video,/title/tt7972620/,7.5,20,"Short, Fantasy, Music",5 min
117,Senses of Place,2004,/title/tt0413247/,7.0,14,Drama,95 min
118,Universal Senses,2010 Video,/title/tt1675191/,,,Drama,58 min
119,A Sense of Place,I) (2008,/title/tt1456470/,,,Short,3 min
120,Common Sense Police,2013– ,/title/tt3293154/,7.7,6,Comedy,
121,Sense of Place,1978– ,/title/tt4157474/,,,Drama,30 min
122,Sense of Architecture,2009,/title/tt2023680/,7.2,5,Documentary,168 min
123,Hess-e Penhan,2007,/title/tt2162916/,5.0,60,Drama,78 min
124,6ixth Sense with Colin Fry,2002– ,/title/tt0418364/,5.0,36,Reality-TV,30 min
125,Sense the Wind,2015,/title/tt4590702/,,,"Documentary, Sport",55 min
126,Senses,II) (2016,/title/tt4266772/,,,Drama,75 min
127,"A fideszes zsidó, a nemzeti érzés nélküli anya és a mediáció",2008,/title/tt1324075/,6.6,37,Documentary,72 min
128,The Common Sense of the Wisdom Tree,1999,/title/tt0223023/,,,Family,
129,Growlanser II: The Sense of Justice,2004 Video Game,/title/tt0442782/,8.3,16,"Action, Adventure, Drama",
130,Justin Bieber: No Sense (Purpose: The Movement),2015 Video,/title/tt6330910/,6.8,5,"Short, Music",
131,Dead in a Sense,,/title/tt8640802/,,,Drama,
132,Any Other Sense,2014,/title/tt3659926/,,,"Short, Drama",12 min
133,A Sense of Reality,2013,/title/tt5298436/,,,"Short, Romance",
134,Sense of Scale,2011,/title/tt1959529/,8.3,10,"Documentary, Biography, Sci-Fi",106 min
135,A Sense of Place,,/title/tt8241606/,,,Drama,
136,Stolen Senses,II,/title/tt5726852/,,,"Short, Action, Adventure",
137,Taboo: The Sixth Sense,1989 Video Game,/title/tt3022170/,3.2,5,"Fantasy, Sport",
138,A Sense of Place: Robert Redford on the Sundance Story,2013 TV Short,/title/tt9019222/,,,Short,
139,Sense of Need,2005,/title/tt0867196/,,,Drama,90 min
140,A Sense of Entitlement,2000,/title/tt0205391/,7.3,9,"Comedy, Drama",
141,Coming to My Senses,2004,/title/tt2337694/,,,Short,9 min
142,The Common Sense,2014,/title/tt4494118/,,,Sci-Fi,
143,Music and Sound Design of 'The Sixth Sense',2000 Video,/title/tt5447506/,6.4,5,Short,7 min
144,Making Sense of Place,2007– ,/title/tt1155883/,,,Documentary,
145,Symphony of Senses,2015,/title/tt4460342/,,,"Short, Family",5 min
146,Horse Sense,1924,/title/tt0135455/,,,Western,50 min
147,Does it make any sense? -and if it does- why does it take so long?,2018,/title/tt8711658/,,,Documentary,101 min
148,Où je mets ma pudeur,2013,/title/tt2918338/,6.9,20,"Short, Drama",21 min
149,Un suave olor a canela,2012,/title/tt2124990/,6.3,15,Drama,94 min
150,The Sixth Sense: Rules and Clues,2000 Video,/title/tt5447516/,8.1,7,Short,6 min
151,A False Sense of Security,2016,/title/tt5727686/,,,"Short, Drama",
152,Le Sense of Wonder,2015– ,/title/tt7502206/,,,"Documentary, Sci-Fi",
153,The Seventh Sense,2009 Video,/title/tt2355596/,,,"News, Reality-TV, Romance",
154,Viure sense por,2005 TV Movie,/title/tt0445812/,6.6,9,Drama,90 min
155,Uncommon Sense: The Art & Imagination of Nancy Willard,2003,/title/tt0462052/,,,"Documentary, Short, Fantasy",28 min
156,Perfect Sense: Pure Perfection - Making Perfect Sense,2012 Video,/title/tt2562952/,,,"Documentary, Short",17 min
157,Touch: The Forgotten Sense,2001 TV Movie,/title/tt0903652/,,,Documentary,52 min
158,Sense of Freedom,2017,/title/tt6537962/,,,Documentary,13 min
159,The Dark Side of Sense,1999 Video,/title/tt9387338/,,,"Action, Comedy, Thriller",58 min
160,Senses,2003,/title/tt0414487/,6.7,15,Drama,111 min
161,Glenn Beck's Common Sense Tour,2009,/title/tt1451386/,3.6,73,Comedy,120 min
162,Sense from Siam,2016,/title/tt6449716/,,,,
163,"Art on Film, Program 2: Sense",1992,/title/tt3773756/,,,Documentary,59 min
164,Five Senses,2011 Video,/title/tt6347098/,,,"Short, Romance",
165,Pratyahaar: Withdrawal of Senses,2015,/title/tt5420798/,,,Short,
166,The Sense,2016,/title/tt9218608/,,,Drama,
167,The Five Senses,,/title/tt7608570/,,,Horror,
168,The Psychic Senses Tour,2016 Video,/title/tt5574540/,,,"Short, Reality-TV",30 min
169,Common Sense Farming with Joel Salatin,2013 Video,/title/tt7005734/,,,"Documentary, Short",22 min
170,Searching for Sense,2002,/title/tt0430823/,,,"Documentary, Short",7 min
171,Senses,III) (2018,/title/tt8531540/,,,"Short, Drama, Mystery",36 min
172,Death Makes Sense,2017,/title/tt6973392/,,,"Short, Drama",6 min
173,Poor Sense of Direction,2008,/title/tt1934366/,,,"Short, Comedy, Sci-Fi",8 min
174,Road Sense,1951,/title/tt2892402/,,,"Documentary, Short",29 min
175,Mr. Jack's Artistic Sense,1916,/title/tt0828081/,,,"Short, Comedy",
176,Sense,2015,/title/tt5108518/,,,"Short, Drama, Romance",10 min
177,Sense títol amb Andreu Buenafuente,1995,/title/tt0423734/,8.1,10,Comedy,
178,A Sense of Humanity,2017,/title/tt7762242/,,,"Short, Sci-Fi",5 min
179,Dollars and Sense,1916,/title/tt0006601/,4.6,7,"Comedy, Short",
180,Высокие чувства,2008,/title/tt2325839/,6.6,5,"Short, Drama, Romance",27 min
181,Five Senses of Art,2015,/title/tt4774850/,6.6,18,"Documentary, Short, Music",21 min
182,A Sense of Duty,2006,/title/tt4731090/,,,"Short, Drama",10 min
183,Spanish Insults That Make No Sense,2016,/title/tt9219888/,,,"Short, Comedy",
184,Uncommon Sense,2010,/title/tt1757920/,,,"Documentary, Short",6 min
185,Not So Common Sense,2015– ,/title/tt4757636/,,,Comedy,
186,A Sense of Sound,I) (2015,/title/tt4871648/,,,"Short, Drama",25 min
187,Common Sense with John Stossel,1995 TV Movie,/title/tt0950490/,,,News,
188,Home Sense,1997–1998,/title/tt2225077/,,,Documentary,30 min
189,Lost Senses,2013,/title/tt3044376/,7.0,25,"Animation, Short",6 min
190,Star Trek Beyond: A Warped Sense of Revenge,2016 Video,/title/tt6339066/,6.4,5,"Documentary, Short",5 min
191,Sense & Scentability,1998 TV Movie,/title/tt7547502/,,,Documentary,52 min
192,Common Senses,2005,/title/tt0806047/,6.4,24,Drama,95 min
193,A Sense of Self: Growing Up in Five Points,2016 Video,/title/tt6358258/,,,"Documentary, Biography, History",56 min
194,Bruce Ricker: Sense of Amazement,2011,/title/tt6633876/,,,"Documentary, Short",6 min
195,Spectre of the senses,2015,/title/tt5135800/,,,"Documentary, Short, Drama",8 min
196,Sense Memory,2018,/title/tt8483304/,,,"Short, Drama",5 min
197,Rovelló: Un Nadal sense Noel,2009,/title/tt2264450/,,,,67 min
198,In a Sense,II) (2012,/title/tt2304822/,,,Romance,63 min
199,Thailand: A Feast for the Senses,2014 TV Movie,/title/tt4329254/,,,Adventure,30 min
200,Making Sense of It All,2018,/title/tt8569226/,,,"Documentary, Short",14 min
201,A Sense of Humus,1976,/title/tt0227469/,,,"Short, Documentary",28 min
202,Making Sense & Sensibility with 9 Actors & a Door,,/title/tt9544104/,,,Documentary,
203,North + Sense,2012,/title/tt1996341/,,,"Short, Comedy, Crime",32 min
204,A Sense of Place,II) (2008,/title/tt1600385/,,,"Documentary, Short",28 min
205,Horse Sense,1922,/title/tt0333586/,,,"Comedy, Short",20 min
206,Sense of Home,2008– ,/title/tt1933957/,,,Drama,
207,Senses,2017,/title/tt8175122/,,,"Short, Musical",
208,Dollar$ & Sense: Personal Finance,2001– ,/title/tt3720094/,,,Reality-TV,
209,Cereal Sense,1977,/title/tt5902722/,,,Documentary,50 min
210,Common Sense Brackett,1916,/title/tt0157477/,,,Drama,
211,A Sense of Duty,2009,/title/tt2677556/,,,Short,10 min
212,Sense and Nonsense,1951–1954,/title/tt3315648/,,,Game-Show,30 min
213,The Sense Ritual,2010 Video,/title/tt1866274/,,,"Documentary, Comedy, Music",70 min
214,Dollars and Sense,2011 Video,/title/tt6899034/,,,Short,
215,Stolen Senses,I,/title/tt5374816/,,,"Action, Sci-Fi, Thriller",
216,Phil Lempert's Food Sense,2010 TV Movie,/title/tt1719055/,,,Documentary,57 min
217,Ощущение ночи,2015,/title/tt5000224/,,,"Short, Drama",30 min
218,Sense,I) (2014,/title/tt3647422/,,,"Short, Music, Mystery",4 min
219,A Sense of Place,2012,/title/tt3464332/,,,Documentary,
220,Sense the Silence,2015,/title/tt6915308/,,,Short,
221,Any Sense in Cents?,2009 Video,/title/tt1590805/,,,"Short, Family",7 min
222,Road Sense,1969,/title/tt2172080/,,,"Documentary, Short",16 min
223,"Sense títol, s/n",1998– ,/title/tt0423735/,7.5,12,Comedy,
224,Sense embuts,2008,/title/tt1301027/,,,Documentary,
225,Livrées à leurs sens,2015,/title/tt3842364/,,,"Short, Drama",17 min
226,Scents and Dog Sense,1927,/title/tt1021104/,,,"Documentary, Short, Sport",
227,Sense + Innocence,2010,/title/tt1676201/,6.5,8,"Short, Comedy, Drama",4 min
228,No Sense Crying Over Spilled... Murder,2015,/title/tt5583640/,,,Short,
229,Sense: A Small Tribute to Federico Fellini,2012,/title/tt6950316/,9.4,9,Short,
230,Running for Sense,2013,/title/tt2960970/,,,"Short, Comedy",6 min
231,Creation in Common Sense with Eric Hovind,2008–2009,/title/tt3077630/,,,"Short, Talk-Show",
232,La dona sense ànima,2006,/title/tt1774454/,,,Drama,65 min
233,Dir en Grey: Tour 09 - Feast of V Senses,2009 Video,/title/tt4872458/,,,Music,
234,Sense of Sentiment,2017,/title/tt7217582/,,,"Short, Drama",14 min
235,Sense or Nonsense,1966 TV Short,/title/tt0856266/,,,Short,
236,Losing Senses,2015,/title/tt2955724/,,,"Short, Mystery",6 min
237,No Sense,2007,/title/tt1134617/,,,"Short, Comedy, Drama",13 min
238,Common Sense Police,2014 Video,/title/tt4163430/,,,"Short, Action, Comedy",7 min
239,A Nation of Common Sense,1975,/title/tt0209179/,,,,
240,Uncommon Sense,III) (2017,/title/tt7285108/,,,"Short, Drama, Thriller",15 min
241,Uncommon Sense,2007–2010,/title/tt2372129/,,,Talk-Show,30 min
242,Per un futur sense Alzheimer,2013 TV Special,/title/tt3430368/,,,Music,128 min
243,Smart Sense Influence,2018 Video,/title/tt9117710/,,,"Documentary, Short",
244,No Sense,2017,/title/tt8976726/,,,"Animation, Short, Comedy",1 min
245,Dollars and Sense,2005–2006,/title/tt6768196/,,,Reality-TV,
246,Making Sense with Sentences,1975,/title/tt3496800/,1.9,12,Short,15 min
247,Illinois Prairie a Sense of Place,1986 Video,/title/tt3497886/,,,"Documentary, Short",28 min
248,To Sense the Wonder,1980,/title/tt0227660/,,,"Documentary, Short",28 min
249,A Sense of Wonder,2013,/title/tt3806758/,,,,84 min
250,A Sense of Wonder,2013,/title/tt3806758/,,,,84 min
251,A Sense of Place,1976,/title/tt0227470/,,,Documentary,57 min
252,Living Gallery of Sympathetic Senses,2013,/title/tt3385442/,,,"Short, Fantasy",10 min
253,Sense and Suggestibility,2011,/title/tt2047853/,,,"Documentary, Short",
254,HipHop Aesthetics: The 5 Senses,2009,/title/tt3958884/,,,Documentary,
255,Sense & Sustainability: Is a Species Set on Endless Growth Sustainable?,2015,/title/tt5932924/,,,Documentary,80 min
256,Beyond Senses,,/title/tt4876872/,,,"Short, Romance",
257,Felt Sense,2016,/title/tt5878550/,,,Short,3 min
258,A Sense of Humor,1913,/title/tt1161057/,,,"Short, Comedy",
259,Common Sense AKA Kalam Badeehi,2017– ,/title/tt7757854/,,,Comedy,
260,Switchback: Trigger Your Senses,2010 Video,/title/tt1772366/,,,"Documentary, Action, Adventure",43 min
261,Alan Keyes Is Making Sense,2002– ,/title/tt0307714/,3.5,10,Talk-Show,60 min
262,The Sense of Feeling,2015,/title/tt8523796/,,,"Documentary, Short",2 min
263,Sculptures That Lost the Sense of Time,2015,/title/tt4056420/,,,Short,
264,The Comedy Christmas Short That Really Doesn't Make Any Sense,2018,/title/tt9480672/,,,"Short, Comedy",13 min
265,7awas,2010,/title/tt2798684/,,,"Short, Drama",15 min
266,Does It Make Sense When It Doesn't Make Sense?!,2008,/title/tt6317036/,,,"Documentary, Short, Biography",29 min
267,Senses,II) (2018,/title/tt8474230/,,,"Short, Drama",5 min
268,Sense No Evil,2017,/title/tt7012320/,,,"Short, Horror, Thriller",15 min
269,A Sense of Belonging,1962,/title/tt2162561/,,,Documentary,50 min
270,"Kubrick, Beyond the Senses",2013,/title/tt3426256/,,,"Short, Biography",
271,A False Sense of Bravado,2017,/title/tt7932362/,,,"Short, Drama",1 min
272,Braincandy: My Five Senses,2004 Video,/title/tt0436141/,,,"Short, Family, Fantasy",40 min
273,The Seismic Sense: How Animals Predict Earthquakes,2012,/title/tt6290000/,,,Documentary,52 min
274,Love and Sense,I) (2011,/title/tt3431734/,,,Short,
275,Sense Memory,,/title/tt4060856/,,,"Short, Thriller",40 min
276,Pet smyslu cloveka,1913,/title/tt1075008/,5.1,20,"Short, Comedy",5 min
277,Sense of Japan,2008– ,/title/tt3126248/,,,,5 min
278,Videoclip Sense Sal: És aquesta nit,2017,/title/tt7119538/,,,"Short, Comedy",
279,Love and Sense,II) (2011,/title/tt3431740/,,,Short,
280,Sense Control,2010 Video,/title/tt1834291/,9.2,17,"Short, Comedy, Music",10 min
281,Senses,2012,/title/tt8846388/,,,Horror,
282,Come to Your Senses,2014,/title/tt4424810/,,,"Short, Drama, Family",26 min
283,The Body Human: The Magic Sense,1979 TV Movie,/title/tt0336060/,,,"Documentary, Sport",60 min
284,Des d'Egipte (sense tu),2012– ,/title/tt2366865/,,,Adventure,
285,Sense of Gravity,2003 TV Short,/title/tt0382969/,,,"Musical, Short",8 min
286,Senses,2007 Video,/title/tt1553300/,,,"Animation, Short",4 min
287,Earth Sense,2004 Video,/title/tt1549773/,,,"Documentary, Family",19 min
288,A Sense of Smell,2000,/title/tt0286066/,,,"Documentary, Short",
289,Sense of Identity,2017,/title/tt7948168/,,,Documentary,69 min
290,Odd Sense,2015,/title/tt5127570/,,,"Short, Drama, Romance",7 min
291,A Sense of Place: The Artist and the American Land,1980 TV Movie,/title/tt4550070/,,,Documentary,60 min
292,A Sense of Reality,2010,/title/tt1735285/,,,"Documentary, Short, Biography",13 min
293,Senses,III,/title/tt3581852/,,,"Short, Drama",7 min
294,La ciutat sense ponts,1992,/title/tt0765019/,,,Short,16 min
295,Sense,2001,/title/tt2078721/,8.0,5,"Short, Mystery",
296,Making Sense,2012,/title/tt2623864/,,,"Documentary, Short, Drama",10 min
297,Common Sense 2,2005 Video,/title/tt1017898/,,,Comedy,
298,My 2c that may make NO sense,2018– ,/title/tt8531724/,,,Short,
299,Sense of Place Ii,2018 TV Short,/title/tt8612838/,,,"Documentary, Short, Biography",44 min
300,"I feel blue, they sense rose",2017,/title/tt8235642/,,,Short,9 min
301,"Tortell Poltrona, sense fronteres",2016,/title/tt6217682/,,,Documentary,
302,Horse Sense,2013,/title/tt2826738/,,,Short,23 min
303,Sense of Nature,2012,/title/tt2861516/,,,"Documentary, Short, Biography",21 min
304,Sense of Life,2006,/title/tt2062635/,,,"Documentary, Short",
305,Sense tele,2007– ,/title/tt1064848/,,,Reality-TV,
306,Eight Steps to Peace: Does Disarmement Make Sense,1957,/title/tt3570170/,,,"Documentary, Short",
307,Refab: Recycling Textiles Makes Sense,2011,/title/tt2137230/,,,"Documentary, Short",
308,I Go to War with Everything That Doesn't Make Sense in a Bathtub,2009,/title/tt1470621/,,,"Short, Drama",11 min
309,Senses,IV,/title/tt4984774/,,,Thriller,
310,Salt sense xarxa,2004,/title/tt0470522/,,,"Documentary, Short",30 min
311,Street Sense,2009 Video,/title/tt1500951/,,,"Documentary, Biography, Drama",29 min
312,It's Sound Sense,1978,/title/tt2177591/,,,"Documentary, Short",11 min
313,Horse Sense and Soldiers,2010 TV Movie,/title/tt1716748/,,,Documentary,
314,Laura Bush Hypocritically Weighs in on the Immigration Situation as Melania Urges Sense,2018 Video,/title/tt8580982/,,,"Short, News",13 min
315,Amb llengua o sense,2003 TV Movie,/title/tt0431609/,,,Comedy,30 min
316,The Five Senses,II) (1912,/title/tt0359279/,,,"Comedy, Short",
317,Sense,2012,/title/tt2342295/,,,"Short, Drama",10 min
318,A Sense of Desire,2006,/title/tt0973835/,,,"Documentary, Short",10 min
319,Some Sense of Wonderment,2005,/title/tt3468646/,,,Romance,110 min
320,A Wyeth Sense of Place,2006 Video,/title/tt6801850/,,,"Documentary, Short",
321,Silent Sound Sense Stars Subotnick and Sender,1962,/title/tt0369935/,,,Short,2 min
322,Millencolin: Sense & Sensibility,2015 Video,/title/tt9779120/,,,"Short, Music",3 min
323,Sense títol 2,1996–1997,/title/tt0423733/,7.9,8,Comedy,
324,Nothing But Common Sense,1972,/title/tt0209192/,,,,
325,Eyecandy: Exploring My Sense of Sight,2006 Video,/title/tt0876265/,,,"Short, Family",
326,Skateboard Sense,1975,/title/tt8342194/,,,"Documentary, Short",9 min
327,"Napok, melyeknek értelmet adott a félelem",2005,/title/tt0442958/,8.3,7,Short,
328,Too Keen a Sense of Humour,1911,/title/tt0293656/,,,"Short, Comedy",
329,Feminine Quiz Sense,,/title/tt0397148/,,,,
330,The Senses,2016,/title/tt7098778/,,,Documentary,72 min
331,Smart Sense Impact,2018 Video,/title/tt9117678/,,,"Documentary, Short",
332,Sense of Place,2013,/title/tt3281658/,,,"Documentary, Family",51 min
333,Tappion tunne - Magnus Scharmanoff valokuvaaja,1997,/title/tt1032260/,,,"Documentary, Short",25 min
334,Swiss Sense: Commercial,2016 Video,/title/tt7190682/,8.3,7,,
335,A Heightened Sense of Perception,2016,/title/tt5908754/,,,Short,5 min
336,Sensing Spaces: Architecture Reimagined,2014,/title/tt4172188/,,,"Documentary, Short",17 min
337,Chaos of the Senses,2015,/title/tt5138694/,,,"Short, Comedy, Drama",18 min
338,Dollars & Sense,1999 TV Movie,/title/tt0375717/,,,Documentary,27 min
339,Anshinshite oiru tameni,1991,/title/tt0202794/,,,Documentary,151 min
340,Blink: A Horizon Guide to the Senses,2012 TV Movie,/title/tt3609294/,,,Documentary,
341,Dog Sense,1923,/title/tt0440300/,,,"Comedy, Short",
342,I'm Too Sad to Tell You About My Sense of Utter Futility at Trying to Make the World a Better Place or Create an Original Work of Art,2009 Video,/title/tt1657899/,,,"Short, Drama",3 min
343,The Sense of Things,2011,/title/tt2011317/,,,"Short, Drama",
344,His Sense of Duty,1914,/title/tt1225830/,,,"Short, Drama",
345,Common Sense Self-Defense For Women,1985 Video,/title/tt9277190/,,,"Short, Sport",
346,Making Sense,2014,/title/tt3920796/,,,"Documentary, Short, News",14 min
347,Love Makes No Sense,2012,/title/tt2184354/,,,"Short, Comedy, Romance",5 min
348,The Common Sense Farm,2006,/title/tt1024835/,,,Short,17 min
349,Safety Senses,1975,/title/tt0121710/,,,"Documentary, Short",1 min
350,Dollars with Sense,2009– ,/title/tt10314736/,,,Talk-Show,30 min
351,Sense ficció,2009– ,/title/tt1517126/,7.4,14,Talk-Show,
352,The Rose: A Sense of Place,2009,/title/tt1422921/,,,"Documentary, Short",41 min
353,Scott Adams Tells You Why Bringing Dennis Rodman to the North Korea Meeting Makes Sense,2018 Video,/title/tt8132470/,,,"Short, News",28 min
354,Bringing Common Sense Back to Canberra,2019 Video,/title/tt10280122/,,,Short,1 min
355,A More Robust Sense of Identity,2014,/title/tt6281450/,,,"Short, Drama",17 min
356,Unprotected Senses,2005,/title/tt1537995/,,,Documentary,50 min
357,Killing Senses,2005,/title/tt2204194/,,,"Short, Comedy",
358,Bloody In-No-Sense,2010,/title/tt8866002/,,,"Short, Action, Comedy",14 min
359,Primary Flight Training: Flight Sense,1944,/title/tt8831216/,,,"Documentary, Short",24 min
360,Street Sense - Indecisive,2019 Video,/title/tt9638404/,,,"Short, Music",
361,Losing Senses,2013,/title/tt7144880/,,,"Short, Mystery",
362,Senses,I) (2018,/title/tt8461838/,,,"Short, Horror",21 min
363,Dir en Grey: Different Sense,2011,/title/tt4855644/,,,"Short, Music",
364,A Sense of Touch,1983,/title/tt0226426/,,,Short,7 min
365,"Sense sal, siusplau",2011,/title/tt2375508/,,,"Short, Drama",
366,Sense,II) (2014,/title/tt5637744/,,,"Short, Drama",
367,Good Business Sense,2018,/title/tt7577170/,,,"Short, Comedy, Romance",21 min
368,Common Sense,1920,/title/tt0189434/,,,Drama,
369,A Sense of Drama,2015 Video,/title/tt5255860/,,,"Short, Action",7 min
370,This Will All Make Perfect Sense Someday,2008,/title/tt1399320/,,,"Short, Drama",14 min
371,His Sense of Duty,1912,/title/tt0002482/,,,"Short, Drama",
372,"Shame, Sense of Guilt and Fear",2013,/title/tt2963358/,,,"Animation, Short, Mystery",3 min
373,You and Your Five Senses,1955,/title/tt0227851/,6.7,52,"Animation, Family, Short",8 min
374,A Sense of a Maze,2011,/title/tt3786032/,,,Documentary,45 min
375,Common Sense,2005 Video,/title/tt1017897/,,,Comedy,
376,A Sense of Sound,II) (2015,/title/tt5076188/,,,"Short, Drama, Music",26 min
377,The Skin as a Sense Organ,1973,/title/tt2148572/,,,"Documentary, Short",12 min
378,A Sense of Place,1991,/title/tt0224080/,,,Documentary,
379,Transcommunication: Invasion of Senses,2012,/title/tt3853472/,,,Short,20 min
380,Nothing Makes Sense,2018,/title/tt8105776/,,,Short,
381,The Garden Sense,2016,/title/tt5664062/,,,Short,
382,The Five Senses,I) (1912,/title/tt0343669/,,,"Comedy, Short",
383,Horizons: Sharper Senses,2016 TV Movie,/title/tt5798480/,,,Documentary,
384,TYT Arguments Don't Make Sense,2017 Video,/title/tt7613156/,,,"Short, News",33 min
385,The Five Senses,2018,/title/tt8044938/,,,Short,2 min
386,Morir sense morir,2011,/title/tt4205578/,,,Documentary,
387,In a Sense,I) (2012,/title/tt2170455/,,,"Short, Drama",9 min
388,Senses,2009,/title/tt1370287/,,,Short,5 min
389,Rogatsia: The Sense of Zourna,2015 TV Movie,/title/tt4793816/,,,"Documentary, Music",52 min
390,Pre/sense,2006,/title/tt1412638/,,,Short,17 min
391,Unfamiliar Sense,2012,/title/tt2407542/,,,"Short, Comedy, Drama",16 min
392,Viure sense viure,1976,/title/tt9390216/,,,Short,16 min
393,Dual of the Senses,1991,/title/tt0136783/,,,Short,3 min
394,Sense Writing,2013,/title/tt7891460/,,,"Documentary, Short",
395,Sense of Freedom,2015,/title/tt6833780/,,,"Documentary, Short",2 min
396,Dollars and Sense,2009,/title/tt1462040/,,,"Short, Comedy, Drama",4 min
397,4 1/2 Senses,II) (2016,/title/tt5984722/,,,Short,20 min
398,Fashion Sense,1978,/title/tt2165763/,,,"Documentary, Short",16 min
399,Common Sense,II) (2013,/title/tt3095926/,,,"Documentary, Drama",65 min
400,A Different Sense,2013,/title/tt3342288/,,,Documentary,75 min
401,"Dollars, Pounds, Sense",1913,/title/tt1151847/,,,"Short, Comedy",
402,Common Sense for Dummys,2011– ,/title/tt2096787/,,,Comedy,30 min
403,Sense of Wonder - Ai piedi del Colosso,2014,/title/tt3612030/,,,"Documentary, Short, Adventure",
404,Assault on the Senses,2015,/title/tt4931754/,,,Short,5 min
405,Common Sense,2009,/title/tt1453976/,9.2,5,"Short, Comedy",7 min
406,You and Your Senses of Smell and Taste,1956,/title/tt0227852/,6.8,52,"Animation, Short, Family",8 min
407,Common Sense Printing,2009,/title/tt1542431/,,,"Documentary, Short",23 min
408,Making Sense,2010,/title/tt1621813/,,,"Short, Drama",14 min
409,Third sense,2017,/title/tt7635454/,,,"Short, Drama",10 min
410,Non Sense,2014,/title/tt4177570/,,,"Short, Horror",
411,Some Sense of Some Nonsense,1923,/title/tt0147525/,,,"Animation, Short",
412,Economic Sense,2008,/title/tt1453994/,,,"Short, Drama",6 min
413,Saw Sense,1982,/title/tt9587330/,,,"Documentary, Short",16 min
414,Miniks fornemmelse for sten,2008,/title/tt1727805/,,,"Documentary, Short",28 min
415,Sense Memory,1997,/title/tt1555075/,,,Short,10 min
416,Dress Sense,2012,/title/tt8465674/,,,"Short, Comedy",2 min
417,A Sense of Sound,1986,/title/tt0226425/,,,"Animation, Family, Short",6 min
418,Common Sense,I) (2013,/title/tt3003226/,,,"Short, Romance, Sci-Fi",7 min
419,Dollars and Sense,2017 Video,/title/tt7027130/,,,"Short, News",
420,Madame Soeborg's Sense of Life,2014,/title/tt6890586/,,,Documentary,
421,Smart Sense Effect,2018 Video,/title/tt9117724/,,,"Documentary, Short",
422,Non-Sense of Censorship,1921,/title/tt0206175/,,,"Documentary, Short",
423,Sense of Enlightenment,2012,/title/tt2189050/,,,"Short, Drama, Mystery",12 min
424,The Common Sense Rebellion,2012,/title/tt2575160/,8.8,26,"Short, Adventure",16 min
425,About Life (And Its Sense of Humor),2014,/title/tt4108012/,,,"Short, Horror",
426,One Thousand Senses,2003,/title/tt0404293/,,,"Drama, Short",27 min
427,A Sense of Americana: John Bailey on F.W. Murnau's 'City Girl',2010,/title/tt7214578/,,,"Documentary, Short",27 min
428,Zmysly prysly,2014,/title/tt3753998/,6.0,18,"Animation, Short",6 min
429,John R. Williamson and the C'est la Vies: Common Sense,2018,/title/tt8866392/,,,"Short, Music",
430,A Sense of Belonging,2014,/title/tt4377878/,,,"Documentary, Short",9 min
431,Sense of Game,,/title/tt7249574/,,,"Sci-Fi, Thriller",
432,Natural Building and a New Sense of the Earth,2006,/title/tt8067858/,,,Documentary,54 min
433,Sense & Suggestibility,2011,/title/tt2089798/,,,"Documentary, Short",
434,Remote Sensing,2003 Video,/title/tt6744396/,,,Documentary,53 min
435,Senses,I,/title/tt4664034/,,,"Short, Horror",
436,Common Sense Mamita,2013– ,/title/tt4861552/,,,Talk-Show,5 min
437,Talking Horse Sense,1959,/title/tt0152888/,5.6,9,"Animation, Short",7 min
438, American Playhouse,1981– ,/title/tt0176357/,8.1,59,"Comedy, Drama, Romance",
439, Комиссар Монтальбано,1999– ,/title/tt0920489/,7.6,158,"Crime, Drama, Mystery",104 min
440, 18 Wheels of Justice,2000– ,/title/tt0221728/,,,"Action, Crime, Drama",
441, 3-2-1 Contact,1980–1992,/title/tt0190169/,,,Family,
442, All Creatures Great and Small,1978–1990,/title/tt0075472/,7.9,86,"Comedy, Drama",51 min
443, Ангел,1999–2004,/title/tt0162065/,8.4,1414,"Action, Drama, Fantasy",42 min
444, The Avengers,1961–1969,/title/tt0054518/,7.6,165,"Action, Comedy, Crime",52 min
445, Black Tie Nights,2004–2005,/title/tt0408374/,5.6,15,"Drama, Romance",26 min
446, Чёрная гадюка 3,1987,/title/tt0092324/,8.3,573,Comedy,24 min
447, Bonanza,1959–1973,/title/tt0052451/,7.9,39,Western,60 min
448, Зачарованные,1998–2006,/title/tt0158552/,8.8,478,"Drama, Fantasy, Mystery",42 min
449, A Country Practice,1981–1993,/title/tt0086689/,,,"Drama, Romance",
450, A Country Practice,1981–1993,/title/tt0086689/,,,"Drama, Romance",
451, Death Valley Days,1952–1970,/title/tt0044259/,6.7,16,Western,30 min
452, Death Valley Days,1952–1970,/title/tt0044259/,8.5,23,Western,27 min
453, Dennis Miller Live,1994–2002,/title/tt0108742/,,,"Comedy, Talk-Show",27 min
454, Division 4,1969–1976,/title/tt0064238/,,,"Crime, Drama",
455, Division 4,1969–1976,/title/tt0064238/,,,"Crime, Drama",
456, Dixon of Dock Green,1955–1976,/title/tt0047728/,,,"Crime, Drama",
457, Dr. Kildare,1961–1966,/title/tt0054535/,8.4,5,Drama,60 min
458, Фредди,2005–2006,/title/tt0460640/,8.4,12,Comedy,
459, The Gene Autry Show,1950–1955,/title/tt0042110/,,,Western,30 min
460, Половинка и половинка,2002–2006,/title/tt0320024/,7.3,6,Comedy,
461, Счастливые дни,1974–1984,/title/tt0070992/,6.3,27,"Comedy, Family, Music",
462, Hardcastle and McCormick,1983–1986,/title/tt0085029/,6.6,13,"Action, Crime, Drama",
463, Hart to Hart,1979–1984,/title/tt0078622/,7.7,61,"Action, Adventure, Crime",60 min
464, Have Gun - Will Travel,1957–1963,/title/tt0050025/,7.9,55,Western,26 min
465, Холби Сити,1999– ,/title/tt0184122/,,,Drama,
466, Home Improvement,1991–1999,/title/tt0101120/,7.6,136,"Comedy, Family",30 min
467, Человек-невидимка,2000–2002,/title/tt0220238/,8.7,25,"Action, Comedy, Sci-Fi",
468, It's a Living,1989– ,/title/tt0144055/,,,,
469, Kavanagh QC,1995–2001,/title/tt0108826/,8.6,38,"Crime, Drama, Mystery",75 min
470, Kay O'Brien,1986,/title/tt0090464/,,,Drama,
471, Knots Landing,1979–1993,/title/tt0078638/,,,"Drama, Romance",
472, Literary Visions,1992– ,/title/tt0386214/,,,Documentary,
473, Literary Visions,1992– ,/title/tt0386214/,,,Documentary,
474, Частный детектив Магнум,1980–1988,/title/tt0080240/,7.5,147,"Action, Adventure, Crime",48 min
475, Make Room for Daddy,1953–1965,/title/tt0045410/,,,"Comedy, Family",30 min
476, Make Room for Daddy,1953–1965,/title/tt0045410/,,,"Comedy, Family",30 min
477, The Man and the Challenge,1959–1960,/title/tt0131178/,,,Adventure,30 min
478, Тысячелетие,1996–1999,/title/tt0115270/,7.2,196,"Crime, Drama, Horror",60 min
479, Mister Ed,1958–1966,/title/tt0054557/,7.8,26,"Comedy, Family, Fantasy",30 min
480, Nanny,1981–1983,/title/tt0159191/,,,Drama,
481, Nightcap,1999– ,/title/tt0252154/,,,,
482, Out There,1951–1952,/title/tt0451557/,,,Sci-Fi,
483, The Philco Television Playhouse,1948–1956,/title/tt0040049/,,,Drama,
484, The Philco Television Playhouse,1948–1956,/title/tt0040049/,,,Drama,
485, Police Woman,1974–1978,/title/tt0071034/,5.7,7,"Action, Crime, Drama",60 min
486, Притворщик,1996–2000,/title/tt0115320/,9.0,50,"Drama, Mystery, Sci-Fi",
487, Притворщик,1996–2000,/title/tt0115320/,8.9,60,"Drama, Mystery, Sci-Fi",
488, Private Secretary,1953–1957,/title/tt0045435/,,,Comedy,
489, Siskel & Ebert & the Movies,1986–2010,/title/tt0090523/,,,Talk-Show,
490, Street Justice,1991–1993,/title/tt0101209/,,,"Action, Adventure",
491, Suspense,1962–1963,/title/tt0396378/,,,Thriller,
492, Tales of the Unexpected,1979–1988,/title/tt0075592/,6.4,41,"Comedy, Drama, Horror",25 min
493, Time to Remember,1959– ,/title/tt0164296/,,,,
494, Twins,2005–2006,/title/tt0460688/,8.9,7,Comedy,
495, L'un per l'altre,2003–2005,/title/tt0398596/,,,Comedy,
496, Дикая семейка Торнберри,1998–2004,/title/tt0167743/,6.2,18,"Animation, Adventure, Comedy",24 min
497, Within These Walls,1974–1978,/title/tt0159226/,,,Drama,
498, Side Effects,1994–1996,/title/tt0108925/,,,Drama,
499, Симпсоны,1989– ,/title/tt0096697/,8.1,1280,"Animation, Comedy",30 min
500, American Masters,1985– ,/title/tt0364151/,7.4,83,"Documentary, Biography",54 min
501, Врачи,2000– ,/title/tt0241383/,,,Drama,
502, Crunch and Des,1955– ,/title/tt0047725/,,,,
503, Чисто английское убийство,1984–2010,/title/tt0084987/,,,"Crime, Drama",
504, L'un per l'altre,2003–2005,/title/tt0398596/,,,Comedy,
505, Умная собачка Блу,1996–2007,/title/tt0163929/,,,"Animation, Comedy, Family",25 min
506, Чисто английское убийство,1984–2010,/title/tt0084987/,,,"Crime, Drama",
507, The Revenue Men,1967–1968,/title/tt0390759/,,,Drama,
508, Salty,1974–1975,/title/tt0069626/,,,Adventure,30 min
509, ITV Television Playhouse,1955–1967,/title/tt0441950/,,,Drama,60 min
510, Hip Hop Harry,2006– ,/title/tt0872176/,,,Family,22 min
511, Weird-Ohs,1999–2000,/title/tt0216518/,,,"Animation, Comedy, Family",
512, Weird-Ohs,1999–2000,/title/tt0216518/,,,"Animation, Comedy, Family",
513, Thundercats,1985–1989,/title/tt0088631/,8.9,82,"Animation, Action, Adventure",23 min
514, My Wife Next Door,1972–1973,/title/tt0068110/,,,Comedy,
515, Шеф-повар,2006– ,/title/tt0765425/,6.7,12,"Game-Show, Reality-TV",45 min
516, Уик-энды,2000–2004,/title/tt0237987/,8.3,6,"Animation, Comedy, Family",
517, The Royal Institution Christmas Lectures,1966–1999,/title/tt0810718/,,,"Documentary, Family",
518, Сабрина - маленькая ведьма,1999–2000,/title/tt0172052/,6.8,9,"Animation, Comedy, Family",23 min
519, It's a Big Big World,2006– ,/title/tt0497297/,,,"Animation, Family",
520, Дети свободы,2002–2003,/title/tt0337550/,9.1,9,"Animation, Adventure, Drama",24 min
521, Encounters with the Unexplained,2000–2002,/title/tt0247092/,,,"Documentary, Drama, Mystery",53 min
522, A Scattering of Seeds,1998–2001,/title/tt0383145/,,,"Documentary, Biography, Drama",
523, Private Islands,2010– ,/title/tt3270998/,,,Adventure,
524, Moonshiners: Whiskey Business,2019– ,/title/tt10028418/,,,Reality-TV,41 min
525, Рыцари Зодиака,1986–1989,/title/tt0161952/,8.1,71,"Animation, Action, Adventure",25 min
526, Birdz,1998– ,/title/tt0221020/,,,"Animation, Comedy, Family",23 min
527, The Sporah Show,2012– ,/title/tt2554160/,,,Talk-Show,
528, Midnight Occult Civil Servants,2019– ,/title/tt10022916/,,,"Animation, Fantasy, Mystery",
529, That's English,1993– ,/title/tt2028175/,,,Talk-Show,
530, Кайл XY,2006–2009,/title/tt0756509/,8.1,184,"Drama, Mystery, Romance",42 min
531, NigaHiga,2007– ,/title/tt5700044/,,,Comedy,
532, Jay Jay the Jet Plane,2001–2005,/title/tt0362350/,,,"Animation, Family, Fantasy",11 min
533, Private Islands,2010– ,/title/tt3270998/,,,Adventure,
534, Tôshô Daimos,1978– ,/title/tt0159923/,,,"Animation, Action, Drama",
535, Paranormal Survivor,2015– ,/title/tt4355188/,,,Documentary,
536, The Royal Institution Christmas Lectures,1966–1999,/title/tt0810718/,,,"Documentary, Family",
537, The Royal Institution Christmas Lectures,1966–1999,/title/tt0810718/,,,"Documentary, Family",
538, The Royal Institution Christmas Lectures,1966–1999,/title/tt0810718/,,,"Documentary, Family",
539, The Royal Institution Christmas Lectures,1966–1999,/title/tt0810718/,,,"Documentary, Family",
540, The Royal Institution Christmas Lectures,1966–1999,/title/tt0810718/,,,"Documentary, Family",
541, The Royal Institution Christmas Lectures,1966–1999,/title/tt0810718/,,,"Documentary, Family",
542, Galaxy High School,1986– ,/title/tt0229405/,,,"Animation, Family, Sci-Fi",29 min
543, The Royal Institution Christmas Lectures,2000–2004,/title/tt0259805/,,,"Documentary, Family",
544, La via Augusta,2007,/title/tt0955212/,,,"Comedy, Drama, History",
545, Workplace Essential Skills,1996–1997,/title/tt0389703/,,,Drama,
546, Common Ave.,2003–2005,/title/tt0424620/,,,"Adventure, Comedy, Drama",
547, Tarzán,1991–1995,/title/tt0101217/,,,Adventure,23 min
548, Озорные анимашки,1993–1998,/title/tt0105941/,8.5,92,"Animation, Comedy, Family",22 min
549, Always and Everyone,1999–2002,/title/tt0187666/,,,Drama,
550, Brotherly Love,1999– ,/title/tt0281425/,,,,
551, Laberint de passions,2006–2008,/title/tt1124274/,,,Drama,
552, Laberint de passions,2006–2008,/title/tt1124274/,,,Drama,
553, Тимон и Пумба,1995–1999,/title/tt0112197/,7.2,15,"Animation, Adventure, Comedy",
554, Garfield and Friends,1988–1995,/title/tt0094469/,7.0,11,"Animation, Comedy, Family",60 min
555, Crown Court,1972–1984,/title/tt0140733/,,,Drama,
556, Being Ian,2004–2008,/title/tt0471989/,,,"Animation, Family, Mystery",24 min
557, The Nature of Things,1960– ,/title/tt0198190/,,,Documentary,
558, The Nature of Things,1960– ,/title/tt0198190/,,,Documentary,
559, Паранормальный штат,2007– ,/title/tt0785036/,5.6,18,Reality-TV,22 min
560, The Steve and Kathy Show,2006– ,/title/tt1191074/,,,"Comedy, Talk-Show",
561, Iggy Arbuckle,2007,/title/tt0963540/,,,"Animation, Adventure, Comedy",
562, The Nature of Things,1960– ,/title/tt0198190/,,,Documentary,
563, The Most Extreme,2002– ,/title/tt1194599/,,,Documentary,45 min
564, Postcards from Buster,2004– ,/title/tt0426774/,,,"Animation, Comedy, Family",27 min
565, Барни и друзья,1992–2009,/title/tt0144701/,,,Family,30 min
566, Ask Gilby,2003– ,/title/tt1136034/,,,Family,
567, Animal Atlas,2004– ,/title/tt0805797/,,,Family,
568, Пеппер Энн,1997–2000,/title/tt0128890/,,,"Animation, Family, Comedy",
569, HBO: Первый взгляд,1992– ,/title/tt0318220/,,,"Documentary, Short",
570, Emergency-Ward 10,1957–1967,/title/tt0159870/,,,Drama,
571, Мутанты черепашки ниндзя,2003–2010,/title/tt0318913/,7.2,35,"Animation, Action, Adventure",
572, Sid the Science Kid,2008– ,/title/tt1236429/,,,"Animation, Comedy, Family",27 min
573, Wing and a Prayer,1997– ,/title/tt0250176/,,,Drama,
574, Pets: Part of the Family,1999– ,/title/tt0211568/,,,,
575, Closer to Truth,2000– ,/title/tt0337541/,,,Documentary,27 min
576, Holding the Fort,1980–1982,/title/tt0080229/,,,Comedy,
577, Weekend Warriors,2000– ,/title/tt0370226/,,,,
578, Weirdsister College,2001– ,/title/tt0315093/,,,"Drama, Fantasy",
579, Open Access,2004– ,/title/tt0415442/,,,Adventure,
580," Men, Women and Clothes",1957– ,/title/tt1375606/,9.4,28,,20 min
581, e2: The Economies of Being Environmentally Conscious,2006– ,/title/tt0806877/,5.8,6,Documentary,
582, Mathematics Illuminated,2008– ,/title/tt1235714/,,,Documentary,
583, You Must Be the Husband,1987–1988,/title/tt0092490/,,,Comedy,
584, Qui?,1990,/title/tt0424705/,,,Crime,
585, Sóc com sóc,1990,/title/tt0464874/,,,Comedy,
586, The Good Life,1971–1972,/title/tt0066663/,,,Comedy,30 min
587, Сестра Готорн,2009–2011,/title/tt1382367/,8.1,33,Drama,49 min
588, Nova,1974– ,/title/tt0206501/,,,"Documentary, Biography",
589, Nova,1974– ,/title/tt0206501/,,,"Documentary, Biography",
590, Nova,1974– ,/title/tt0206501/,,,"Documentary, Biography",
591, Nova,1974– ,/title/tt0206501/,,,"Documentary, Biography",
592, Nova,1974– ,/title/tt0206501/,,,"Documentary, Biography",
593, One Life to Live,1968–2013,/title/tt0062595/,,,"Drama, Romance",
594, Schoolhouse Rock!,1973–2009,/title/tt0069627/,6.4,12,"Animation, Short, Family",4 min
595, The New Adventures of Black Beauty,1990– ,/title/tt0098871/,,,"Drama, Family",23 min
596, Travels & Traditions,2001– ,/title/tt0849382/,,,Documentary,
597, Travels & Traditions,2001– ,/title/tt0849382/,,,Documentary,
598, Ramzor,2008–2014,/title/tt1405737/,,,Comedy,
599, The Huckleberry Hound Show,1958–1962,/title/tt0051283/,7.3,15,"Animation, Comedy, Family",30 min
600, Leave It to Lamas,2009– ,/title/tt1489024/,,,Reality-TV,
601, Carter Can,2007– ,/title/tt1124533/,,,Reality-TV,
602, Мои Друзья Тигруля и Винни,2007–2010,/title/tt0805905/,,,"Animation, Family",
603, Atlantis Rising: The Making of 'Atlantis Down',2010– ,/title/tt1602156/,9.2,185,Reality-TV,
604, Rainbow,1972–1992,/title/tt0275148/,,,"Animation, Family",
605, The Sex Files,1999–2005,/title/tt0825466/,,,Documentary,
606, Ventdelplà,2005–2010,/title/tt0450542/,,,Drama,
607, Hi-5,2003–2009,/title/tt0360266/,,,"Family, Comedy, Music",
608, Hi-5,2003–2009,/title/tt0360266/,,,"Family, Comedy, Music",
609, Hi-5,2003–2009,/title/tt0360266/,,,"Family, Comedy, Music",
610, Hi-5,2003–2009,/title/tt0360266/,,,"Family, Comedy, Music",
611, Hi-5,2003–2009,/title/tt0360266/,,,"Family, Comedy, Music",
612, Masterpiece Theatre,1971– ,/title/tt0066684/,8.3,72,"Drama, Romance",
613, Masterpiece Theatre,1971– ,/title/tt0066684/,6.3,16,"Drama, Romance",
614, The Itsy Bitsy Spider,1994– ,/title/tt0108818/,,,Animation,
615, Their World,1973– ,/title/tt1736229/,,,Documentary,
616, My Bedbugs,2004– ,/title/tt0843808/,,,Family,
617, A Place of Our Own: Los Niños en Su Casa,2005– ,/title/tt0424699/,,,,
618, Taste This!,2004– ,/title/tt0435994/,,,Comedy,
619, Nigella Kitchen,2010– ,/title/tt1751231/,,,Documentary,
620, Кинокритик,1994–2001,/title/tt0108734/,7.5,6,"Animation, Comedy, Drama",3 min
621, Мир изобретений Уоллеса и Громита,2010,/title/tt1789621/,6.7,14,"Documentary, Animation, Comedy",30 min
622, Мыслить как преступник,2005– ,/title/tt0452046/,6.7,1213,"Crime, Drama, Mystery",41 min
623, Panorama,1953– ,/title/tt0199257/,,,"Documentary, News",
624, Lletres catalanes,1974–1979,/title/tt0452244/,,,Drama,76 min
625, Mister French Taste,2010– ,/title/tt1786081/,,,Comedy,
626, That's What She Said,2010– ,/title/tt1842190/,,,"Comedy, News, Romance",
627, May bukas pa,2009–2010,/title/tt1389653/,,,Drama,
628, I Love Jenni,2011– ,/title/tt1816839/,,,"Biography, Comedy, Drama",
629, Curtain Call,2011– ,/title/tt1862642/,,,Mystery,
630, Hurtling Through Space at an Alarming Rate,2009– ,/title/tt1902566/,,,"Comedy, Sci-Fi",
631, The Adventures of Chuck & Friends,2010– ,/title/tt1832789/,,,"Animation, Family",23 min
632, Сквозь пространство и время с Морганом Фрименом: Загадка черных дыр,2010–2017,/title/tt1513168/,7.6,116,Documentary,44 min
633, Joni and Friends,2007– ,/title/tt1514319/,,,Documentary,
634, Forensic Files,1996–2011,/title/tt0247882/,6.4,31,"Documentary, Crime",21 min
635, Mystery Diagnosis,2005– ,/title/tt0478078/,,,Reality-TV,
636, Comedy Now!,1997– ,/title/tt0246359/,7.0,24,Comedy,
637, Mossèn Capellà,2009– ,/title/tt1498701/,,,,
638, Mossèn Capellà,2009– ,/title/tt1498701/,,,,
639, Beakman's World,1992– ,/title/tt0106367/,,,"Comedy, Family",21 min
640, Front Page with Allen Barton,2009– ,/title/tt1844924/,,,"News, Talk-Show",
641, Hi-5 UK,2008– ,/title/tt2016490/,,,"Adventure, Family, Music",24 min
642, Hi-5 UK,2008– ,/title/tt2016490/,,,"Adventure, Family, Music",24 min
643, Hi-5 UK,2008– ,/title/tt2016490/,,,"Adventure, Family, Music",24 min
644, Hi-5 UK,2008– ,/title/tt2016490/,,,"Adventure, Family, Music",24 min
645, Hi-5 UK,2008– ,/title/tt2016490/,,,"Adventure, Family, Music",24 min
646, Hi-5,2003–2009,/title/tt0360266/,,,"Family, Comedy, Music",
647, Hi-5,2003–2009,/title/tt0360266/,,,"Family, Comedy, Music",
648, Hi-5,2003–2009,/title/tt0360266/,,,"Family, Comedy, Music",
649, Hi-5,2003–2009,/title/tt0360266/,,,"Family, Comedy, Music",
650, Hi-5,2003–2009,/title/tt0360266/,,,"Family, Comedy, Music",
651, Reputasyon,2011–2012,/title/tt1987340/,,,"Crime, Drama, Mystery",
652, The Battery's Down,2008– ,/title/tt1605024/,,,Musical,
653, Horizon,1964– ,/title/tt0318224/,,,Documentary,
654, Dret a parlar,1993– ,/title/tt1405458/,,,Talk-Show,
655, Tyrants in Therapy,2001–2006,/title/tt2061533/,,,Comedy,
656, Midnight Movie Review,2010– ,/title/tt1807416/,,,"Documentary, News",
657, The Goldbergs,1949–1957,/title/tt0041027/,,,Comedy,
658, Hippothesis,2011– ,/title/tt2117287/,,,Animation,
659, Your OWN Show,2011– ,/title/tt1776017/,,,Reality-TV,
660, Tainted Love,2011– ,/title/tt1545110/,,,"Documentary, Biography, Drama",
661, Dumb and Dumber,1995–1996,/title/tt0111946/,7.2,6,"Animation, Comedy, Family",22 min
662, Noodle and Doodle,2010–2011,/title/tt1989973/,3.2,6,Family,
663, Simply Ming,2003– ,/title/tt0758722/,,,Documentary,
664, L'alqueria blanca,2007–2013,/title/tt1127229/,,,Drama,
665, Wild Animal Baby Explorers,2010– ,/title/tt1835861/,,,Animation,
666, Lincoln Center/Stage 5,1967– ,/title/tt2174688/,,,Music,
667, Casper and Friends,1990– ,/title/tt1822383/,,,"Animation, Comedy, Family",26 min
668, Crackòvia,2008– ,/title/tt1288419/,,,Comedy,
669, Sesame Street,1969– ,/title/tt0063951/,7.8,10,"Animation, Comedy, Family",26 min
670, The Shak,2006–2010,/title/tt0926374/,,,Comedy,
671, Crackòvia,2008– ,/title/tt1288419/,,,Comedy,
672, Pom Pom and Friends,2011– ,/title/tt2167269/,,,"Animation, Family",
673, Crackòvia,2008– ,/title/tt1288419/,,,Comedy,
674, Speaking Our Language,1993–1996,/title/tt2228361/,,,Documentary,
675, Dirty Business,2008–2009,/title/tt1745063/,,,Reality-TV,
676, По следам призраков,2008– ,/title/tt1122725/,,,Documentary,44 min
677, AKA Shaman,2011,/title/tt2290883/,,,Drama,
678, 30 minuts,1984– ,/title/tt2294989/,,,Documentary,
679, Projector,2010– ,/title/tt2319377/,,,Talk-Show,
680, The Dr. Oz Show,2009– ,/title/tt1442070/,,,Talk-Show,
681, Horizon,1964– ,/title/tt0318224/,,,Documentary,
682, Llàgrima de sang,2008– ,/title/tt1471315/,,,Drama,
683, Panorama,1953– ,/title/tt0199257/,,,"Documentary, News",
684, Chef Abroad,2007– ,/title/tt1773886/,,,Documentary,
685, Horizon,1964– ,/title/tt0318224/,,,Documentary,
686, Making House,2011– ,/title/tt2342871/,,,Reality-TV,
687, The Untitled Webseries That Morgan Evans Is Doing,2012– ,/title/tt2368269/,,,Comedy,
688, NET Journal,1966– ,/title/tt2344835/,,,"Documentary, Drama, News",
689, Panathinaikos Bear,2004– ,/title/tt2402442/,,,Animation,
690, Night Gallery,1970–1973,/title/tt0065327/,7.8,30,"Drama, Fantasy, Horror",
691, Pintada,2012– ,/title/tt2269348/,,,"Drama, Romance",
692, Night Gallery,1970–1973,/title/tt0065327/,7.7,25,"Drama, Fantasy, Horror",51 min
693, Animal Atlas,2004– ,/title/tt0805797/,,,Family,
694, Fulton J. Sheen: His Irish Wit and Wisdom,2003– ,/title/tt2285124/,,,Talk-Show,27 min
695, L'alqueria blanca,2007–2013,/title/tt1127229/,,,Drama,
696, Paraiso,2012–2013,/title/tt2496000/,,,"Drama, Romance",
697," Kubala, Moreno i Manchón",2012–2014,/title/tt2009038/,,,"Comedy, Drama",
698, Richard Hammond's Miracles of Nature,2012– ,/title/tt2510740/,8.0,7,Documentary,60 min
699, Llàgrima de sang,2008– ,/title/tt1471315/,,,Drama,
700, Llàgrima de sang,2008– ,/title/tt1471315/,,,Drama,
701, Arròs covat,2009– ,/title/tt1512800/,,,Animation,
702, It's a Date,2013–2014,/title/tt2551252/,,,Comedy,
703, Zoo Clues,2012– ,/title/tt2525640/,,,Family,
704, The Raggy Dolls,1986–1994,/title/tt0188357/,,,"Animation, Family",
705, The Dr. Oz Show,2009– ,/title/tt1442070/,,,Talk-Show,
706, The Daily Orbit,2012– ,/title/tt2555006/,,,News,
707, The Daily Orbit,2012– ,/title/tt2555006/,,,News,
708, 20/20,1978– ,/title/tt0124932/,,,"Documentary, News",
709, The Ricki Lake Show,2012– ,/title/tt1908423/,,,Talk-Show,
710, Seinto Seiya: Omega,2012– ,/title/tt2230515/,,,Animation,
711, Kiseki taiken! Anbiribabô,1997– ,/title/tt1024165/,,,"Documentary, Crime, Drama",
712, Llàgrima de sang,2008– ,/title/tt1471315/,,,Drama,
713, Omoikkri Don!,2009– ,/title/tt1468786/,,,Talk-Show,
714, The Little Rascals,1982–1984,/title/tt0770584/,,,"Animation, Comedy, Family",
715, G.K. Chesterton: The Apostle of Common Sense,2000– ,/title/tt1328189/,,,"Comedy, History",
716, Rock Your Yoga,2012– ,/title/tt2796456/,,,Sport,
717, Mainly for Women,1947– ,/title/tt0928096/,,,Documentary,
718, James & Mike Mondays,2012– ,/title/tt2963600/,6.9,19,"Comedy, Talk-Show",
719, Kelsey's Essentials,2010– ,/title/tt2995946/,,,Family,
720, Canada's Worst Handyman,2006– ,/title/tt0997266/,,,Reality-TV,
721, Creation Today,2011– ,/title/tt3017190/,,,Talk-Show,29 min
722, Pet Heroes,2010–2012,/title/tt1819050/,,,Family,
723, What's the Big Idea?,2013– ,/title/tt2789208/,,,Animation,
724, Finding Stuff Out,2012– ,/title/tt2208501/,,,"Documentary, Family",
725, Кости,2005–2017,/title/tt0460627/,8.2,587,"Comedy, Crime, Drama",44 min
726, Dino Dan: Trek's Adventures,2011– ,/title/tt2817476/,,,Family,22 min
727, Català a l'atac,2012– ,/title/tt2174351/,,,,
728, Сказка о хвосте феи,2009– ,/title/tt1528406/,8.0,47,"Animation, Action, Adventure",25 min
729, A Laurel and Hardy Cartoon,1966– ,/title/tt0307769/,,,"Animation, Comedy, Family",
730, At the Movies,1982–1986,/title/tt0083380/,,,Talk-Show,
731, Core Kyoto,2013– ,/title/tt2908778/,,,Documentary,
732, The Happenings,2013– ,/title/tt3450552/,5.6,5,Reality-TV,
733, The Happenings,2013– ,/title/tt3450552/,,,Reality-TV,
734, Be Careful with My Heart,2012–2014,/title/tt2256248/,,,"Comedy, Romance",
735, My First Place,2007– ,/title/tt1044555/,,,Reality-TV,
736, The Daily Orbit,2012– ,/title/tt2555006/,,,News,
737, Nova,1974– ,/title/tt0206501/,7.7,30,"Documentary, Biography",53 min
738, Встреча с инопланетянами,2012– ,/title/tt2257878/,6.7,7,Sci-Fi,44 min
739, Wheel Sharks,2013– ,/title/tt3505340/,,,Reality-TV,22 min
740, Inside the Animal Mind,2014– ,/title/tt3566502/,8.7,9,Documentary,
741, Degrassi: On the Set,2014– ,/title/tt3583254/,,,Drama,
742, Broadway Stories,1994– ,/title/tt0184100/,,,,
743, I Want That,2011– ,/title/tt2138229/,,,Reality-TV,
744, Secrets of Bones,2014– ,/title/tt3538774/,,,Documentary,
745, The Comfort Zone,2013– ,/title/tt3478728/,,,Talk-Show,
746, Ha-Shminiya,2005– ,/title/tt0484339/,,,"Comedy, Drama, Fantasy",
747, Сабрина - маленькая ведьма,2013–2014,/title/tt2440832/,,,"Animation, Comedy, Family",22 min
748, Гуппи и пузырики,2011–2019,/title/tt0965404/,,,"Animation, Comedy, Family",24 min
749, The Hour of Power,1970– ,/title/tt0162811/,,,,
750, The Possum's Club,2013–2014,/title/tt3646314/,,,Family,
751, Crown Court,1972–1984,/title/tt0140733/,,,Drama,
752, Девид Аттенборо. Курьёзы природного мира,2013– ,/title/tt3629970/,8.0,22,Documentary,24 min
753, L'alqueria blanca,2007–2013,/title/tt1127229/,,,Drama,
754, L'alqueria blanca,2007–2013,/title/tt1127229/,,,Drama,
755, Shadow of Israphel,2010– ,/title/tt3684748/,8.7,6,"Action, Adventure, Fantasy",14 min
756, Hoo-yoo-jeung,2014– ,/title/tt3591956/,,,"Action, Drama, Thriller",42 min
757, EWTN Live,2002– ,/title/tt3952244/,,,"Family, Talk-Show",57 min
758, Wolfblood Uncovered,2013– ,/title/tt3965986/,,,Documentary,
759, Quest: Investigating Our World,2002– ,/title/tt3828530/,,,Documentary,
760, Laberint de passions,2006–2008,/title/tt1124274/,,,Drama,
761, Girlfriend Intervention,2014– ,/title/tt3957256/,,,Reality-TV,41 min
762, The Chica Show,2012– ,/title/tt2635374/,,,Family,
763, Steve Harvey,2012– ,/title/tt2380710/,,,Talk-Show,
764, Life Is Worth Living,1952–1965,/title/tt0211820/,,,"Family, Talk-Show",
765, Pavel Hall,2012– ,/title/tt4038822/,,,"Horror, Mystery, Thriller",
766, Faithful Word Baptist Church,2007– ,/title/tt3840030/,,,Reality-TV,5 min
767, Bystander Revolution,2014– ,/title/tt4060938/,,,Documentary,
768, Australian Story,1996– ,/title/tt0407361/,,,Documentary,
769, Teatro catalán,1964–1974,/title/tt1479117/,,,,
770, Dev,2013– ,/title/tt3843552/,,,News,
771, Brotherhood 2.0,2007– ,/title/tt1560523/,,,"Documentary, Comedy, Music",
772, Brotherhood 2.0,2007– ,/title/tt1560523/,,,"Documentary, Comedy, Music",
773, The PoseidonGodofWater20 Show: Actual Version,2011– ,/title/tt3877980/,,,Comedy,
774, The PoseidonGodofWater20 Show: Actual Version,2011– ,/title/tt3877980/,,,Comedy,
775, Игры разума,2011– ,/title/tt2078690/,7.4,24,"Documentary, Comedy, Drama",25 min
776, =3,2009– ,/title/tt1561773/,,,Comedy,
777, Animal Atlas,2004– ,/title/tt0805797/,,,Family,
778, Open Air Outreach,2009– ,/title/tt3533018/,,,Reality-TV,9 min
779, Planeta Imaginari,1983–1986,/title/tt0488464/,,,"Family, Fantasy",
780, Planeta Imaginari,1983–1986,/title/tt0488464/,,,"Family, Fantasy",
781, Equinox,1986– ,/title/tt0264241/,,,,
782, Nestle Nido Young Stars aka Nido Ye Tare Hamare,2008–2010,/title/tt3674858/,,,Talk-Show,
783, Nestle Nido Young Stars aka Nido Ye Tare Hamare,2008–2010,/title/tt3674858/,,,Talk-Show,
784, Грейсленд,2013–2015,/title/tt2393813/,8.3,100,"Action, Crime, Drama",43 min
785, You Can't Lick Your Elbow,2015– ,/title/tt4584956/,,,Reality-TV,22 min
786, Core Kyoto,2013– ,/title/tt2908778/,,,Documentary,
787, Brotherhood 2.0,2007– ,/title/tt1560523/,,,"Documentary, Comedy, Music",
788, Redesign My Brain,2013– ,/title/tt3322570/,,,Documentary,
789, Saturday Playhouse,1958–1961,/title/tt1570377/,,,Drama,
790, Любопытный Джордж,2006–2015,/title/tt0449545/,,,"Animation, Adventure, Comedy",23 min
791, Спросите Крисли,2014– ,/title/tt3688530/,7.0,15,Reality-TV,30 min
792," Rich Bride, Poor Bride",2006– ,/title/tt0904108/,,,Reality-TV,46 min
793, MsLabelled,2015– ,/title/tt4819574/,,,"Short, Comedy",
794, Journeys in Japan,2010– ,/title/tt1647443/,,,Documentary,
795, Common Sense Mamita,2013– ,/title/tt4861552/,,,Talk-Show,
796, The Roast,2012–2014,/title/tt2368221/,,,"Comedy, News",
797, Flipping Boston,2012– ,/title/tt2201533/,,,Reality-TV,
798, Thrill Factor,2015– ,/title/tt4900376/,,,Documentary,21 min
799, Justice Woman,2012– ,/title/tt2711304/,,,Comedy,
800, Wendy,2013– ,/title/tt3184148/,,,Animation,24 min
801, Coast Guard: Cape Disappointment - Pacific Northwest,2014– ,/title/tt4831310/,,,Reality-TV,42 min
802, Yeh Hai Aashiqui,2013– ,/title/tt4068208/,,,Romance,
803, WatchMojo,2006– ,/title/tt2070564/,,,"Comedy, Talk-Show",
804, Night Gallery,1970–1973,/title/tt0065327/,7.6,11,"Drama, Fantasy, Horror",
805, Tria33 Extra,2015–2017,/title/tt5098252/,,,Documentary,
806, Crown Court,1972–1984,/title/tt0140733/,,,Drama,
807, Game Grumps,2012– ,/title/tt2810310/,,,"Short, Comedy, Talk-Show",
808, Word Party,2016– ,/title/tt5235950/,,,"Animation, Family",
809, WatchMojo,2006– ,/title/tt2070564/,,,"Comedy, Talk-Show",
810, Steve Harvey,2012– ,/title/tt2380710/,,,Talk-Show,
811, Simba: The King Lion,1995– ,/title/tt2374051/,,,"Animation, Family",21 min
812, Classic Alice,2014– ,/title/tt3431222/,,,Comedy,
813, Teekyû,2012– ,/title/tt2390066/,,,"Animation, Comedy, Sport",
814, Off the Trail,2015– ,/title/tt5197304/,,,Documentary,
815, Good Mythical Morning,2012– ,/title/tt4087032/,,,"Comedy, Family, Talk-Show",13 min
816, Heritage,1958–1967,/title/tt5375472/,,,,
817, 60 Minutes II,1999–2005,/title/tt0182552/,,,"Documentary, News",
818, 60 Minutes II,1999–2005,/title/tt0182552/,,,"Documentary, News",
819, Bullock the Bruiser,2016– ,/title/tt5322684/,,,"Short, Comedy, Drama",
820, 24 Hours in Police Custody,2014– ,/title/tt4116046/,,,Documentary,47 min
821, Video Game Vault,2006–2014,/title/tt5440872/,,,"Comedy, History",
822, Couple-ish,2015– ,/title/tt5514990/,,,"Comedy, Drama, Romance",
823, The Real Housewives of Potomac,2016– ,/title/tt5327970/,,,Reality-TV,43 min
824, Игры разума,2011– ,/title/tt2078690/,5.4,7,"Documentary, Comedy, Drama",44 min
825, Lil' Iguana,1998–1999,/title/tt4949442/,,,Family,
826, David Kilgour: Uncut,2014– ,/title/tt5667642/,,,"History, Talk-Show",
827, Paradise University,2014– ,/title/tt3647132/,,,Horror,
828, Animal Atlas,2004– ,/title/tt0805797/,,,Family,
829, Six Degrees of Murder,2016– ,/title/tt5769588/,7.2,5,"Documentary, Crime",42 min
830, Pop Wrapped TV,2009– ,/title/tt5700210/,,,"Documentary, News",
831, Common Sense Mamita,2013– ,/title/tt4861552/,,,Talk-Show,
832, Common Sense Mamita,2013– ,/title/tt4861552/,,,Talk-Show,
833, Common Sense Mamita,2013– ,/title/tt4861552/,,,Talk-Show,
834, Common Sense Mamita,2013– ,/title/tt4861552/,,,Talk-Show,
835, Common Sense Mamita,2013– ,/title/tt4861552/,,,Talk-Show,
836, Common Sense Mamita,2013– ,/title/tt4861552/,,,Talk-Show,
837, Разные оттенки нашей любви,2016–2017,/title/tt5697728/,10.0,19,"Drama, Romance",
838, Beyond Today,2005– ,/title/tt5636850/,,,Talk-Show,
839, Dorkly Originals,2010– ,/title/tt2262795/,,,"Animation, Short, Comedy",
840, Cutting It in the ATL,2015– ,/title/tt5034150/,,,Reality-TV,43 min
841, Dorkly Originals,2010– ,/title/tt2262795/,,,"Animation, Short, Comedy",
842, Clearly Single...,2016– ,/title/tt5841092/,,,Comedy,
843, Allegra's Window,1994–1998,/title/tt0177428/,,,"Family, Musical",
844, Live at the Belly Up!,2013– ,/title/tt6013848/,,,Music,
845, Explorers of the Human Body,2007– ,/title/tt2264986/,,,"Documentary, Comedy",
846, Monstruos Supersanos,2012– ,/title/tt6055494/,,,,
847, 2 Девицы на мели,2011–2017,/title/tt1845307/,8.2,306,Comedy,20 min
848, Bad Reception,2016– ,/title/tt6072694/,,,"Adventure, Comedy, Drama",
849, Seisen Cerberus: Ryûkoku no Fatalité,2016– ,/title/tt5648400/,,,"Animation, Adventure, Fantasy",
850, Siskel & Ebert & the Movies,1986–2010,/title/tt0090523/,,,Talk-Show,
851, Siskel & Ebert & the Movies,1986–2010,/title/tt0090523/,,,Talk-Show,
852, Last Life,2015– ,/title/tt3699708/,,,"Drama, Fantasy",
853, Man Alive,1965–1982,/title/tt0404629/,,,Documentary,50 min
854, Common Sense Mamita,2013– ,/title/tt4861552/,,,Talk-Show,
855, Common Sense Mamita,2013– ,/title/tt4861552/,,,Talk-Show,
856, Common Sense Mamita,2013– ,/title/tt4861552/,,,Talk-Show,
857, Common Sense Mamita,2013– ,/title/tt4861552/,,,Talk-Show,
858, Common Sense Mamita,2013– ,/title/tt4861552/,,,Talk-Show,
859, В поисках прекрасного принца,2016– ,/title/tt5943890/,,,Reality-TV,41 min
860, Girl Talk,2016– ,/title/tt6237158/,,,Talk-Show,8 min
861, Life Defined,2016– ,/title/tt6251600/,,,"Comedy, Drama",
862, Dorkly Originals,2010– ,/title/tt2262795/,,,"Animation, Short, Comedy",
863, Weird But True,2016– ,/title/tt6057106/,,,"Documentary, Family",
864, Rejected Pitches,2012– ,/title/tt5864456/,,,Comedy,
865, UnCorked,2018– ,/title/tt6264792/,,,Comedy,
866, Dorkly Originals,2010– ,/title/tt2262795/,,,"Animation, Short, Comedy",
867, The Midnight Show,2008– ,/title/tt6819414/,,,Comedy,
868, Animal Atlas,2004– ,/title/tt0805797/,,,Family,
869, Pop Trigger,2012– ,/title/tt3170940/,,,Talk-Show,
870, Betty Crocker Star Matinee,1951–1952,/title/tt0184097/,,,,
871, World Series Debating,1992–1995,/title/tt0144075/,,,Comedy,
872, Common Sense Mamita,2013– ,/title/tt4861552/,,,Talk-Show,
873, G.K. Chesterton: The Apostle of Common Sense,2000– ,/title/tt1328189/,,,"Comedy, History",
874, Great Escapes,2016– ,/title/tt6059918/,,,History,
875, Pop-Tart Adventures,2016– ,/title/tt6800598/,,,"Short, Comedy",
876, Creation Magazine LIVE!,2011– ,/title/tt3030054/,,,Talk-Show,29 min
877, Just Model Things,2016– ,/title/tt6879594/,,,Comedy,
878, Craigslist Counselors,2012– ,/title/tt2836842/,,,Comedy,
879, Canada in Perspective,2013– ,/title/tt5521472/,,,Talk-Show,
880, Академия ведьмочек,2017,/title/tt6352180/,8.9,91,"Animation, Comedy, Family",
881, Science Shorts,2015,/title/tt6950264/,,,,
882, Tales of Morrissa,2017–2018,/title/tt6862736/,,,Fantasy,
883, Curious Minds: Food Science,2015,/title/tt6954680/,,,,
884, ABC News Specials,2010–2017,/title/tt6963192/,,,,
885, Haisukûru! Kimengumi,1985– ,/title/tt0294180/,,,"Animation, Comedy",
886, Animal Science,2012– ,/title/tt2301385/,,,Family,
887, Hollywood on Set,2003– ,/title/tt0439073/,,,News,
888, Zoom In,2008– ,/title/tt2136662/,,,Documentary,
889, Шоу Чарли Роуза,1991– ,/title/tt0270116/,,,"News, Talk-Show",
890, Director's Short Cut,2013– ,/title/tt7052012/,,,Documentary,
891, The White Label Lounge,2012–2014,/title/tt7133956/,,,Music,
892, WaMahyaya 4,,/title/tt6792286/,,,Reality-TV,
893, Суперкрошки,2016– ,/title/tt4718304/,2.4,23,"Animation, Action, Comedy",10 min
894, Braincraft,2014– ,/title/tt3796458/,,,"Documentary, Animation, Short",
895, Chris Stuckmann Movie Reviews,2011– ,/title/tt6098952/,,,"Comedy, Talk-Show",
896, Siskel & Ebert & the Movies,1986–2010,/title/tt0090523/,,,Talk-Show,
897, Ask the Doctor,2017– ,/title/tt7188736/,,,Documentary,
898, Swissview,2007–2010,/title/tt7260716/,,,Documentary,
899, Swissview,2007–2010,/title/tt7260716/,,,Documentary,
900, Des écoles pas comme les autres - Schools like no others,2014–2015,/title/tt7280568/,,,Documentary,
901, Abarenbou Kishi! Matsutarou,2014– ,/title/tt3644244/,,,Animation,
902, Вторая семья Симар,2011–2018,/title/tt1934806/,,,"Drama, Fantasy",
903, Swaragini: Jodein Rishton Ke Sur,2015– ,/title/tt4622278/,,,Drama,
904, Simple Life,2015,/title/tt7375150/,9.6,9,Comedy,
905, Sanders Shorts,2013– ,/title/tt7380262/,,,"Comedy, Music, Musical",
906, Seeing and Believing,1960–1976,/title/tt4368350/,,,Family,
907, Bani: Ishq Da Kalma,2013– ,/title/tt3476434/,,,Drama,
908, The Christopher Lowell Show,1999– ,/title/tt0278178/,,,,
909, The Christopher Lowell Show,1999– ,/title/tt0278178/,,,,
910, California Coastal Trail,2015– ,/title/tt5017488/,,,Documentary,
911, Sanders Shorts,2013– ,/title/tt7380262/,,,"Comedy, Music, Musical",
912, Sanders Shorts,2013– ,/title/tt7380262/,,,"Comedy, Music, Musical",
913, Sanders Shorts,2013– ,/title/tt7380262/,,,"Comedy, Music, Musical",
914, Uttaran,2008–2015,/title/tt6814630/,,,Drama,
915, New Game!,2016– ,/title/tt5862798/,8.3,6,"Animation, Comedy, Drama",23 min
916, Balika Vadhu,2008–2016,/title/tt2103372/,,,Drama,
917, Ashwini Nakshatra,2013– ,/title/tt3437520/,,,Drama,
918, Kossakowski. Szosty zmysl,2012–2013,/title/tt4567786/,,,Documentary,
919, Xploration Earth 2050,2014– ,/title/tt5754418/,,,"Documentary, Family",23 min
920, Ollie and Friends,2012– ,/title/tt7596168/,,,"Comedy, Family, Music",
921, The Legend of South Hill,2017,/title/tt7435562/,,,,
922, It's Supernatural,2003– ,/title/tt1216851/,,,Talk-Show,
923, Бегущий человек,2010– ,/title/tt2185037/,,,"Comedy, Game-Show, Reality-TV",93 min
924, Game Grumps,2012– ,/title/tt2810310/,,,"Short, Comedy, Talk-Show",
925, Silent Strings,2018– ,/title/tt7758388/,,,Drama,
926, Astronogeek,2015– ,/title/tt7652094/,,,Sci-Fi,
927, Wurrawhy,2011– ,/title/tt1831548/,,,Family,
928, Nigel Slater's Simple Suppers,2009– ,/title/tt1804920/,,,Documentary,
929, Hands of Murder,1949–1952,/title/tt0254897/,,,"Drama, Mystery, Musical",
930, Dorkly Originals,2010– ,/title/tt2262795/,,,"Animation, Short, Comedy",
931, Arena,1975– ,/title/tt0199184/,,,Documentary,
932, WatchMojo,2006– ,/title/tt2070564/,,,"Comedy, Talk-Show",
933, Dear Vera,2013– ,/title/tt7845866/,,,Reality-TV,
934, Врачи,2000– ,/title/tt0241383/,,,Drama,
935, It's Sketchy,2016– ,/title/tt6320858/,,,Comedy,
936, The Wonderful World of Puppies,2018– ,/title/tt7876914/,,,Documentary,
937, Don't Blink,2015– ,/title/tt4818128/,,,Reality-TV,24 min
938, WatchMojo,2006– ,/title/tt2070564/,,,"Comedy, Talk-Show",
939, Jay's Jungle,2015– ,/title/tt3711100/,,,Family,
940, Cats' Eyes,1994–2003,/title/tt0831357/,,,Family,
941, Great World Hotels,2011– ,/title/tt3831598/,,,Documentary,21 min
942, BrainBuzz,2018– ,/title/tt7255468/,,,Family,
943, Beyond,2016,/title/tt8202694/,,,,
944, Dallyeola Bangtan!,2015– ,/title/tt7865962/,,,Game-Show,
945, Dallyeola Bangtan!,2015– ,/title/tt7865962/,,,Game-Show,
946, Because Science,2014– ,/title/tt8254140/,,,Talk-Show,
947, The Wood Whisperer,2006– ,/title/tt8286804/,,,Documentary,
948, Secret Golf Player Channel,2016– ,/title/tt8292324/,,,Sport,
949, House Hunters,1999– ,/title/tt0369117/,,,Reality-TV,
950, WonderGrove,2013–2017,/title/tt8399802/,,,Animation,
951, The Andrew Klavan Show,2015– ,/title/tt7268356/,,,Talk-Show,
952, Renegade Inc.,2017– ,/title/tt6775960/,,,Talk-Show,
953, Sooty Heights,1999– ,/title/tt0303755/,,,,
954, It's Okay to be Smart,2012– ,/title/tt8509256/,,,Family,
955, Более полный дом,2016– ,/title/tt3986586/,7.7,131,"Comedy, Family",
956, Mister Tachyon,2018– ,/title/tt8606894/,,,"Documentary, Sci-Fi",22 min
957, Renegade Cut,2012– ,/title/tt3213236/,,,Documentary,11 min
958, Peter Ferris Online Masterclass,2017– ,/title/tt8700802/,,,Documentary,
959, Quan arribin els marcians,2017– ,/title/tt7688210/,,,Talk-Show,
960, Darwin and Newts,2018– ,/title/tt8713700/,,,Animation,
961, In 60 Seconds,2016– ,/title/tt8287946/,,,Documentary,
962, The Michael Knowles Show,2017– ,/title/tt7282052/,,,Talk-Show,
963, Channel Japan,2012– ,/title/tt2225700/,,,Documentary,
964, Sneak Previews,1975–1996,/title/tt0075583/,,,Talk-Show,
965, Occultism: Science of the Paranormal,2018– ,/title/tt8760020/,,,Documentary,8 min
966, Occultism: Science of the Paranormal,2018– ,/title/tt8760020/,,,Documentary,
967, Occultism: Science of the Paranormal,2018– ,/title/tt8760020/,,,Documentary,
968, Dinosaur World & More Kids Songs: HiDino Kids Songs,2017–2018,/title/tt8804410/,,,Family,
969, Deadly Dinosaurs with Steve Backshall,2018– ,/title/tt8591588/,,,"Documentary, Adventure, Family",28 min
970, Shyamalan Sundays,2018– ,/title/tt8859774/,,,"Short, Biography",
971, Ut i naturen,1992– ,/title/tt8876682/,,,Documentary,
972, Sanders Shorts,2013– ,/title/tt7380262/,,,"Comedy, Music, Musical",
973, Beyond Belief with George Noory,2010– ,/title/tt4534390/,,,Talk-Show,55 min
974, Sweet Mahogany,2018– ,/title/tt8884138/,,,Drama,17 min
975, Channel Japan,2012– ,/title/tt2225700/,,,Documentary,
976, ALL CAPS Comedy,2016– ,/title/tt8924594/,,,Comedy,
977, Fun Song Factory,1998–2006,/title/tt2666038/,,,Family,
978, Channel Japan,2012– ,/title/tt2225700/,,,Documentary,
979, Project Binky,2013– ,/title/tt5890418/,,,Reality-TV,19 min
980, Japanology Plus,2014– ,/title/tt3814338/,,,Documentary,
981, Out of Bounds,2019– ,/title/tt8923970/,,,Thriller,
982, Macross Delta,2015– ,/title/tt5827092/,,,"Animation, Action, Sci-Fi",
983, Women Against Feminism,2016– ,/title/tt9194820/,,,Talk-Show,
984, Women Against Feminism,2016– ,/title/tt9194820/,,,Talk-Show,
985, Music on 2,1965–1973,/title/tt1982423/,,,Music,
986, Originalos?,2010– ,/title/tt1704499/,,,Animation,
987, The Tom Woods Show,2013– ,/title/tt8050850/,,,News,
988, Super Senses,2015– ,/title/tt6768630/,,,Reality-TV,27 min
989, Super Senses,2015– ,/title/tt6768630/,,,Reality-TV,27 min
990, Super Senses,2015– ,/title/tt6768630/,,,Reality-TV,27 min
991, Infinite Challenge,2005–2018,/title/tt4546568/,,,Reality-TV,
992, Infinite Challenge,2005–2018,/title/tt4546568/,,,Reality-TV,
993, Infinite Challenge,2005–2018,/title/tt4546568/,,,Reality-TV,
994, Laberint de passions,2006–2008,/title/tt1124274/,,,Drama,
995, Scenes from a Hat,2017– ,/title/tt7404860/,,,Comedy,
996, Stellar People,,/title/tt7230340/,,,Comedy,
997, Consumer 101,2018– ,/title/tt9088596/,,,News,
998, 30 minuts,1984– ,/title/tt2294989/,,,Documentary,
999, The Next Door Horror,2018– ,/title/tt9202806/,,,"Comedy, Horror, Talk-Show",
1000, The Public Space,2018– ,/title/tt8347356/,,,News,
